date,country,name,host,id,download,upload,ping,d
2021-11-26 18:10:42.062654,Belgium,Diegem,speedtest.cu.be:8080,2848,15354950.084480982,21331794.307817288,63.823,9.642357583130497
2021-11-26 18:20:21.025905,NaN
2021-11-26 18:41:46.155843,Belgium,Diegem,speedtest.cu.be:8080,2848,36106313.45378034,5892153.421892173,71.038,9.642357583130497
2021-11-26 18:50:15.283270,Germany,Frankfurt,speedtest-fkt-eqx.retn.net:8080,31120,49622838.24225387,6101103.18674806,65.071,316.8704193563063
2021-11-26 19:00:11.284136,NaN
2021-11-26 19:10:37.721875,Germany,Frankfurt,speedtest-fkt-eqx.retn.net:8080,31120,58271529.46840379,18385178.504340637,54.311,316.8704193563063
2021-11-26 19:20:31.981075,Belgium,Diegem,speedtest.cu.be:8080,2848,25961788.299433798,10432266.161287578,75.947,9.642357583130497
2021-11-26 19:30:50.309426,Belgium,Diegem,speedtest.cu.be:8080,2848,36300360.28720564,19382132.710621674,49.053,9.642357583130497
2021-11-26 19:41:14.136441,Germany,Frankfurt,speedtest-fkt-eqx.retn.net:8080,31120,54983299.33826067,21429873.57988595,38.362,316.8704193563063
2021-11-26 19:51:08.404499,Belgium,Diegem,speedtest.cu.be:8080,2848,42868028.10366408,24970688.361418642,51.941,9.642357583130497
2021-11-26 20:00:30.567622,Belgium,Diegem,speedtest.cu.be:8080,2848,20737599.231547516,13326231.632050503,88.078,9.642357583130497
2021-11-26 20:11:04.786294,Belgium,Diegem,speedtest.cu.be:8080,2848,20952872.882840186,9677792.106471907,113.814,9.642357583130497
2021-11-26 20:20:57.609405,Switzerland,Lausanne,plau01speedtst0.sunrise.ch:8080,28045,19898036.310998965,10999468.141150447,74.31,507.6195405297769
2021-11-26 20:30:39.609438,Belgium,Diegem,speedtest.cu.be:8080,2848,21934424.476142574,20746482.614033025,62.783,9.642357583130497
2021-11-26 20:40:10.113147,United Kingdom,Gerrards Cross,stgerrards.apfutura.net:8080,46279,33639665.7399659,7041261.371637616,217.109,351.84041784304213
2021-11-26 20:50:28.081769,Switzerland,Lausanne,plau01speedtst0.sunrise.ch:8080,28045,35010344.797294214,6650173.992502836,61.825,507.6195405297769
2021-11-26 21:00:32.789315,Switzerland,Lausanne,plau01speedtst0.sunrise.ch:8080,28045,16055738.622991292,21011252.84979632,64.054,507.6195405297769
2021-11-26 21:10:55.933195,Switzerland,Lausanne,plau01speedtst0.sunrise.ch:8080,28045,19060873.761619233,14603781.913334312,64.891,507.6195405297769
2021-11-26 21:21:09.118655,United Kingdom,Gerrards Cross,stgerrards.apfutura.net:8080,46279,19605896.2654341,6258241.526204946,209.906,351.84041784304213
2021-11-26 21:31:23.059422,United Kingdom,Gerrards Cross,stgerrards.apfutura.net:8080,46279,31423089.480497915,6617714.034388179,209.653,351.84041784304213
2021-11-26 21:40:35.019442,United Kingdom,Gerrards Cross,stgerrards.apfutura.net:8080,46279,26211836.54991323,6363989.9061937295,213.674,351.84041784304213
2021-11-26 21:50:56.885996,United Kingdom,Gerrards Cross,stgerrards.apfutura.net:8080,46279,43268219.27997389,4933489.546074536,186.072,351.84041784304213
2021-11-26 22:00:40.250825,United Kingdom,Gerrards Cross,stgerrards.apfutura.net:8080,46279,29577276.13293034,9607243.27494809,219.53,351.84041784304213
2021-11-26 22:11:28.157027,United Kingdom,Gerrards Cross,stgerrards.apfutura.net:8080,46279,32822879.413603548,13692714.10622994,206.92,351.84041784304213
2021-11-26 22:20:12.340436,United Kingdom,Gerrards Cross,stgerrards.apfutura.net:8080,46279,29515354.9833597,4355466.141213881,189.954,351.84041784304213
2021-11-26 22:30:45.567622,United Kingdom,Gerrards Cross,stgerrards.apfutura.net:8080,46279,33678155.54169314,11433830.466197167,179.032,351.84041784304213
2021-11-26 22:40:04.226863,Switzerland,Lausanne,plau01speedtst0.sunrise.ch:8080,28045,23128696.761754468,8276883.713383583,54.771,507.6195405297769
2021-11-26 22:51:10.729419,United Kingdom,Gerrards Cross,stgerrards.apfutura.net:8080,46279,23278158.432728436,7255989.74707127,364.658,351.84041784304213
2021-11-26 23:01:08.396956,United Kingdom,Gerrards Cross,stgerrards.apfutura.net:8080,46279,25693396.92164658,8384927.918116161,192.526,351.84041784304213
2021-11-26 23:11:01.570910,United Kingdom,Gerrards Cross,stgerrards.apfutura.net:8080,46279,40423613.58221284,7488827.590383985,136.999,351.84041784304213
2021-11-26 23:20:58.012789,United Kingdom,Gerrards Cross,stgerrards.apfutura.net:8080,46279,30229836.94179915,13934278.351080723,182.246,351.84041784304213
2021-11-26 23:30:37.809284,United Kingdom,Gerrards Cross,stgerrards.apfutura.net:8080,46279,33239460.61780186,10309497.694964122,209.697,351.84041784304213
2021-11-26 23:41:04.377751,Belgium,Mechelen,netgauge.telenet.be:8080,15212,42184866.67989486,16372723.812879069,144.987,43.75476394574873
2021-11-26 23:51:11.749481,Belgium,Mechelen,netgauge.telenet.be:8080,15212,31478765.137909055,12578710.979860548,59.26,43.75476394574873
2021-11-27 00:00:15.048925,France,Hombourg-Haut,testdebithom.enes.fr:8080,21268,28919109.284243416,12641923.839271069,125.119,256.8019211695977
2021-11-27 00:10:37.626775,Belgium,Mechelen,netgauge.telenet.be:8080,15212,36899158.96390146,8775016.21037887,86.823,43.75476394574873
2021-11-27 00:21:25.469429,Belgium,Mechelen,netgauge.telenet.be:8080,15212,37395988.86763336,10367032.38704902,45.117,43.75476394574873
2021-11-27 00:30:54.070439,France,Hombourg-Haut,testdebithom.enes.fr:8080,21268,32334346.270057686,9199756.475702127,74.23,256.8019211695977
2021-11-27 00:41:15.452737,Belgium,Mechelen,netgauge.telenet.be:8080,15212,47016568.7273411,10179824.322908688,64.147,43.75476394574873
2021-11-27 00:50:24.052919,Belgium,Mechelen,netgauge.telenet.be:8080,15212,41066521.788943306,17283756.41145908,57.538,43.75476394574873
2021-11-27 01:01:16.330154,Belgium,Mechelen,netgauge.telenet.be:8080,15212,35896871.44937355,17803682.95358064,82.593,43.75476394574873
2021-11-27 01:10:43.377659,Belgium,Mechelen,netgauge.telenet.be:8080,15212,38275186.83057105,10296048.477253485,59.926,43.75476394574873
2021-11-27 01:21:21.446101,Belgium,Mechelen,netgauge.telenet.be:8080,15212,44099758.84360096,15102945.907842813,58.548,43.75476394574873
2021-11-27 01:30:56.756029,France,Hombourg-Haut,testdebithom.enes.fr:8080,21268,34492554.02731404,21184254.842095263,48.222,256.8019211695977
2021-11-27 01:41:27.413507,France,Hombourg-Haut,testdebithom.enes.fr:8080,21268,44275332.28223583,20924498.99240943,52.223,256.8019211695977
2021-11-27 01:51:04.644439,Belgium,Mechelen,netgauge.telenet.be:8080,15212,42608241.472079754,18971244.08836968,77.41,43.75476394574873
2021-11-27 02:01:30.767870,Belgium,Mechelen,netgauge.telenet.be:8080,15212,47940523.48748363,14576274.199356299,65.518,43.75476394574873
2021-11-27 02:10:42.461735,France,Hombourg-Haut,testdebithom.enes.fr:8080,21268,51040923.58494519,19809103.940516658,67.136,256.8019211695977
2021-11-27 02:20:50.809448,France,Hombourg-Haut,testdebithom.enes.fr:8080,21268,26948142.741914816,18017967.409098875,75.16,256.8019211695977
2021-11-27 02:30:43.982195,Belgium,Mechelen,netgauge.telenet.be:8080,15212,37674995.14551466,16188527.491829919,69.49,43.75476394574873
2021-11-27 02:41:18.790413,France,Hombourg-Haut,testdebithom.enes.fr:8080,21268,9294786.41166339,5528173.654231822,80.055,256.8019211695977
2021-11-27 02:50:43.524142,France,Hombourg-Haut,testdebithom.enes.fr:8080,21268,29208020.514286075,13872019.371843316,57.442,256.8019211695977
2021-11-27 03:00:05.167763,NaN
2021-11-27 03:10:11.899120,United Kingdom,Gerrards Cross,stgerrards.apfutura.net:8080,46279,38031061.74145753,7578697.07572134,204.304,351.84041784304213
2021-11-27 03:20:03.681034,France,Hombourg-Haut,testdebithom.enes.fr:8080,21268,34538128.09239556,15193581.815834614,72.201,256.8019211695977
2021-11-27 03:31:16.933940,NaN
2021-11-27 03:40:45.576118,United Kingdom,Gerrards Cross,stgerrards.apfutura.net:8080,46279,29019484.25558938,10989070.790355472,219.131,351.84041784304213
2021-11-27 03:50:12.324256,United Kingdom,Gerrards Cross,stgerrards.apfutura.net:8080,46279,28405521.54795579,15272967.593814414,127.71,351.84041784304213
2021-11-27 04:01:02.349412,France,Hombourg-Haut,testdebithom.enes.fr:8080,21268,23895229.391904,7920665.454550008,105.545,256.8019211695977
2021-11-27 04:11:31.309421,France,Hombourg-Haut,testdebithom.enes.fr:8080,21268,19618106.494823396,3056649.4140948653,187.059,256.8019211695977
2021-11-27 04:20:43.010994,United Kingdom,Gerrards Cross,stgerrards.apfutura.net:8080,46279,24161631.283882424,12668361.710414702,380.175,351.84041784304213
2021-11-27 04:30:13.018195,NaN
2021-11-27 04:40:05.930795,United Kingdom,Gerrards Cross,stgerrards.apfutura.net:8080,46279,18293575.46082108,8197391.9257892985,144.385,351.84041784304213
2021-11-27 04:51:19.903582,France,Hombourg-Haut,testdebithom.enes.fr:8080,21268,28459263.278097156,20369709.879329164,59.295,256.8019211695977
2021-11-27 05:01:20.749427,United Kingdom,Gerrards Cross,stgerrards.apfutura.net:8080,46279,17398969.00697615,7163752.132147157,181.664,351.84041784304213
2021-11-27 05:10:36.348294,France,Hombourg-Haut,testdebithom.enes.fr:8080,21268,19548519.57377293,21642797.80153199,75.974,256.8019211695977
2021-11-27 05:21:28.532417,United Kingdom,Gerrards Cross,stgerrards.apfutura.net:8080,46279,30754737.52634817,13242139.627906322,179.905,351.84041784304213
2021-11-27 05:30:09.914858,NaN
2021-11-27 05:41:08.534901,Netherlands,Rotterdam,eu.speedtest.i3d.net:8080,21509,20999992.436222855,17967025.214760978,400.172,122.03076259396288
2021-11-27 05:50:47.282773,United States,"Secaucus, NJ",speedtest-nyc.dedipath.com:8080,22774,21934059.523896176,17366709.16944099,139.381,5887.219181379722
2021-11-27 06:01:20.629418,Netherlands,Rotterdam,eu.speedtest.i3d.net:8080,21509,17482205.32335179,18360944.52949298,52.756,122.03076259396288
2021-11-27 06:10:53.647618,Netherlands,Rotterdam,eu.speedtest.i3d.net:8080,21509,28975390.92071768,26657643.144544847,43.936,122.03076259396288
2021-11-27 06:20:09.511770,Netherlands,Rotterdam,eu.speedtest.i3d.net:8080,21509,35137426.447640136,19217048.005243473,59.282,122.03076259396288
2021-11-27 06:30:54.906846,United States,"Secaucus, NJ",speedtest-nyc.dedipath.com:8080,22774,16020793.779214067,10687794.590322312,144.537,5887.219181379722
2021-11-27 06:40:14.920351,United States,"Secaucus, NJ",speedtest-nyc.dedipath.com:8080,22774,24006234.401280254,15508943.064150099,117.522,5887.219181379722
2021-11-27 06:51:01.059196,United States,"Secaucus, NJ",speedtest-nyc.dedipath.com:8080,22774,16033049.232393235,17401648.437741388,146.541,5887.219181379722
2021-11-27 07:01:21.869176,United States,"Secaucus, NJ",speedtest-nyc.dedipath.com:8080,22774,18930067.89883087,13278037.067947501,139.32,5887.219181379722
2021-11-27 07:10:44.407759,Netherlands,Rotterdam,eu.speedtest.i3d.net:8080,21509,42359405.088631034,16130862.681180717,218.815,122.03076259396288
2021-11-27 07:20:09.409411,Netherlands,Rotterdam,eu.speedtest.i3d.net:8080,21509,26850275.245584086,10917087.732842013,57.23,122.03076259396288
2021-11-27 07:30:28.406465,Netherlands,Rotterdam,eu.speedtest.i3d.net:8080,21509,16583376.686247285,14284076.527498966,62.798,122.03076259396288
2021-11-27 07:41:04.989401,Netherlands,Rotterdam,eu.speedtest.i3d.net:8080,21509,23615303.80273542,20466488.096606914,56.268,122.03076259396288
2021-11-27 07:51:23.469415,Netherlands,Rotterdam,eu.speedtest.i3d.net:8080,21509,27322951.101404868,14935952.737617008,56.239,122.03076259396288
2021-11-27 08:00:59.010942,Netherlands,Rotterdam,eu.speedtest.i3d.net:8080,21509,39513143.37746884,13088615.287048347,55.721,122.03076259396288
2021-11-27 08:10:19.496632,Netherlands,Rotterdam,eu.speedtest.i3d.net:8080,21509,13678061.704439446,21943791.305685204,60.062,122.03076259396288
2021-11-27 08:21:02.685041,Switzerland,Yverdon-Les-Bains,speedtest.as203130.net:8080,17588,27688478.79309063,21601180.789106533,75.593,480.46133482590966
2021-11-27 08:31:29.553480,Switzerland,Yverdon-Les-Bains,speedtest.as203130.net:8080,17588,38875791.75962354,19349243.182140216,56.171,480.46133482590966
2021-11-27 08:40:42.163404,Switzerland,Yverdon-Les-Bains,speedtest.as203130.net:8080,17588,45653175.691955924,16951521.979283374,55.371,480.46133482590966
2021-11-27 08:50:19.263801,Belgium,Brussels,speedtestnetgauge2.voo.be:8080,45280,43487472.133772686,8248369.755711023,77.542,2.516926572807612
2021-11-27 09:00:32.470035,Belgium,Brussels,speedtestnetgauge2.voo.be:8080,45280,19475676.114680152,13835246.41567848,64.819,2.516926572807612
2021-11-27 09:11:27.502546,Switzerland,Yverdon-Les-Bains,speedtest.as203130.net:8080,17588,47300110.88968429,17051144.868398797,38.804,480.46133482590966
2021-11-27 09:20:43.047779,Belgium,Brussels,speedtestnetgauge2.voo.be:8080,45280,37048574.349952765,4989786.977463739,66.29,2.516926572807612
2021-11-27 09:30:06.911058,NaN
2021-11-27 09:41:07.604094,Switzerland,Yverdon-Les-Bains,speedtest.as203130.net:8080,17588,27002535.16602261,17981578.42788086,84.131,480.46133482590966
2021-11-27 09:50:54.285685,Switzerland,Yverdon-Les-Bains,speedtest.as203130.net:8080,17588,20785964.28224212,12643144.133452792,58.116,480.46133482590966
2021-11-27 10:00:05.346791,NaN
2021-11-27 10:10:53.794117,Switzerland,Yverdon-Les-Bains,speedtest.as203130.net:8080,17588,25601383.231248695,17197847.400048602,65.346,480.46133482590966
2021-11-27 10:20:15.537402,Belgium,Brussels,speedtestnetgauge2.voo.be:8080,45280,39263524.61625475,13286926.96716027,75.867,2.516926572807612
2021-11-27 10:30:36.513570,Belgium,Brussels,speedtestnetgauge2.voo.be:8080,45280,17787317.88280827,13414671.712744458,136.27,2.516926572807612
2021-11-27 10:40:53.869427,Belgium,Brussels,speedtestnetgauge2.voo.be:8080,45280,25711648.55926774,6890713.612619096,62.696,2.516926572807612
2021-11-27 10:50:04.699353,Switzerland,Yverdon-Les-Bains,speedtest.as203130.net:8080,17588,20724262.00801613,21366264.041684523,79.22,480.46133482590966
2021-11-27 11:01:16.460498,Belgium,Brussels,speedtestnetgauge2.voo.be:8080,45280,23275217.936120585,7523418.133477181,70.772,2.516926572807612
2021-11-27 11:10:23.011346,Belgium,Brussels,speedtestnetgauge2.voo.be:8080,45280,24214441.34420114,17187587.796190638,41.465,2.516926572807612
2021-11-27 11:21:01.439183,Belgium,Brussels,speedtestnetgauge2.voo.be:8080,45280,17387752.053493496,6212128.129681048,68.084,2.516926572807612
2021-11-27 11:30:27.706941,Belgium,Brussels,speedtestnetgauge2.voo.be:8080,45280,17381858.554040987,12663659.699981568,67.909,2.516926572807612
2021-11-27 11:40:50.532776,France,Douai,douai.lafibre.info:8080,4010,48686323.68636315,15091121.728225645,86.888,102.85878010584787
2021-11-27 11:50:19.059437,France,Douai,douai.lafibre.info:8080,4010,49917591.149375476,15714942.76318142,52.208,102.85878010584787
2021-11-27 12:00:41.125641,France,Douai,douai.lafibre.info:8080,4010,49032058.89180475,13378085.951170227,97.028,102.85878010584787
2021-11-27 12:10:21.995353,United States,"Secaucus, NJ",njspeedtest.rackdog.com:8080,32494,16306475.333263377,12548753.202804761,141.654,5887.219181379722
2021-11-27 12:20:40.006861,France,Douai,douai.lafibre.info:8080,4010,50059760.290576495,4252947.832946119,254.859,102.85878010584787
2021-11-27 12:31:06.707312,France,Douai,douai.lafibre.info:8080,4010,55645589.94837495,22300017.52066626,60.376,102.85878010584787
2021-11-27 12:40:01.952813,NaN
2021-11-27 12:51:10.532886,France,Douai,douai.lafibre.info:8080,4010,55207505.89050368,18716786.080547236,77.569,102.85878010584787
2021-11-27 13:01:09.160252,France,Douai,douai.lafibre.info:8080,4010,62443960.30783847,18251032.01264178,39.124,102.85878010584787
2021-11-27 13:10:30.023780,United States,"Secaucus, NJ",njspeedtest.rackdog.com:8080,32494,13780221.8852521,10750681.794233078,122.492,5887.219181379722
2021-11-27 13:20:07.549532,United States,"Secaucus, NJ",njspeedtest.rackdog.com:8080,32494,28849563.645025134,11861345.160615947,112.165,5887.219181379722
2021-11-27 13:31:20.519910,France,Douai,douai.lafibre.info:8080,4010,69049772.81127886,21897578.482877303,72.582,102.85878010584787
2021-11-27 13:40:27.490579,United States,"Secaucus, NJ",njspeedtest.rackdog.com:8080,32494,39620950.13600326,27086067.104027182,134.609,5887.219181379722
2021-11-27 13:50:34.915827,United States,"Secaucus, NJ",njspeedtest.rackdog.com:8080,32494,17891735.706061557,12734427.146451946,142.206,5887.219181379722
2021-11-27 14:01:09.289919,United States,"Secaucus, NJ",njspeedtest.rackdog.com:8080,32494,19182470.84679384,17345312.05382602,134.602,5887.219181379722
2021-11-27 14:11:27.299226,United States,"Secaucus, NJ",njspeedtest.rackdog.com:8080,32494,16813120.065371014,10772808.586044837,121.283,5887.219181379722
2021-11-27 14:20:06.762078,France,Douai,douai.lafibre.info:8080,4010,55601808.46408635,11562407.638331886,96.083,102.85878010584787
2021-11-27 14:30:42.489267,Belgium,Brussels,speedtest.combell.com:8080,5151,39464414.76386537,12763450.897838548,88.066,2.516926572807612
2021-11-27 14:41:07.087090,France,Lille,speedtest.eurafibre.fr:8080,16913,21755175.787871387,12092367.072577422,97.473,93.48115012002118
2021-11-27 14:51:22.509352,France,Lille,speedtest.eurafibre.fr:8080,16913,22306511.563797288,25034673.907975085,64.216,93.48115012002118
2021-11-27 15:00:41.543951,France,Lille,speedtest.eurafibre.fr:8080,16913,37789125.11298235,20515243.534231547,62.721,93.48115012002118
2021-11-27 15:10:31.214220,France,Lille,speedtest.eurafibre.fr:8080,16913,32134208.115451947,15918584.149452783,60.031,93.48115012002118
2021-11-27 15:20:59.018783,France,Lille,speedtest.eurafibre.fr:8080,16913,19904330.10086012,7844988.532799949,155.48,93.48115012002118
2021-11-27 15:30:15.441639,Belgium,Brussels,speedtest.combell.com:8080,5151,39557392.21868487,10042678.784389533,44.226,2.516926572807612
2021-11-27 15:40:29.763202,France,Lille,speedtest.eurafibre.fr:8080,16913,39528907.56772737,21597032.47678985,101.242,93.48115012002118
2021-11-27 15:50:46.059881,France,Lille,speedtest.eurafibre.fr:8080,16913,21843246.98487012,19043958.750080206,61.253,93.48115012002118
2021-11-27 16:01:17.759345,France,Lille,speedtest.eurafibre.fr:8080,16913,14551299.44271981,4624530.215486081,61.316,93.48115012002118
2021-11-27 16:10:14.474042,France,Lille,speedtest.eurafibre.fr:8080,16913,31542841.560620163,11955530.041744098,60.176,93.48115012002118
2021-11-27 16:20:01.537434,France,Lille,speedtest.eurafibre.fr:8080,16913,13233791.886420576,20647602.712342262,61.263,93.48115012002118
2021-11-27 16:31:09.059432,Belgium,Brussels,speedtest.combell.com:8080,5151,30843648.493105892,20186807.888580643,53.913,2.516926572807612
2021-11-27 16:40:14.389172,NaN
2021-11-27 16:50:34.869450,France,Lille,speedtest.eurafibre.fr:8080,16913,23628197.164141066,14025430.621537466,121.413,93.48115012002118
2021-11-27 17:00:43.324844,France,Lille,speedtest.eurafibre.fr:8080,16913,18341170.802167427,40846419.65836864,65.19,93.48115012002118
2021-11-27 17:10:38.331796,France,Lille,speedtest.eurafibre.fr:8080,16913,18003463.59234305,7017496.472211877,64.284,93.48115012002118
2021-11-27 17:20:52.138418,France,Lille,speedtest.eurafibre.fr:8080,16913,19346083.329065282,14168599.674509536,77.391,93.48115012002118
2021-11-27 17:30:56.598060,France,Douai,douai.lafibre.info:8080,4010,47036308.770445384,17458164.952963017,74.329,102.85878010584787
2021-11-27 17:40:32.977482,Belgium,Brussels,speedtestnetgauge2.voo.be:8080,45280,21336958.876305554,6934273.643053142,63.681,2.516926572807612
2021-11-27 17:51:16.174807,Belgium,Brussels,ookla.arxus.eu:8080,26887,34717607.698236875,22756467.80388885,59.451,2.516926572807612
2021-11-27 18:00:02.196523,NaN
2021-11-27 18:10:33.536888,France,Douai,douai.lafibre.info:8080,4010,79528213.23942739,21150855.06603751,106.226,102.85878010584787
2021-11-27 18:20:05.397075,Belgium,Brussels,ookla.arxus.eu:8080,26887,38889978.92878549,28917354.81261926,42.912,2.516926572807612
2021-11-27 18:30:36.606747,Belgium,Brussels,ookla.arxus.eu:8080,26887,35951717.14067871,15897262.84463592,74.757,2.516926572807612
2021-11-27 18:41:29.220940,Belgium,Brussels,ookla.arxus.eu:8080,26887,33654814.076820046,14477118.983865205,61.887,2.516926572807612
2021-11-27 18:50:19.640517,Belgium,Brussels,ookla.arxus.eu:8080,26887,31174141.985527918,24479786.46655556,57.175,2.516926572807612
2021-11-27 19:00:20.309435,Belgium,Brussels,ookla.arxus.eu:8080,26887,38504475.731899,6105257.51800226,62.516,2.516926572807612
2021-11-27 19:11:21.615433,Belgium,Brussels,ookla.arxus.eu:8080,26887,33344543.849872217,8678506.60590334,51.862,2.516926572807612
2021-11-27 19:21:00.480860,France,Douai,douai.lafibre.info:8080,4010,43643038.904000476,22365385.385706376,97.116,102.85878010584787
2021-11-27 19:30:38.829224,France,Douai,douai.lafibre.info:8080,4010,58473830.466773525,4002898.7736949227,66.385,102.85878010584787
2021-11-27 19:40:41.224264,Belgium,Brussels,speedtestnetgauge2.voo.be:8080,45280,49533320.450373165,14391265.61700237,65.444,2.516926572807612
2021-11-27 19:51:10.662096,France,Douai,douai.lafibre.info:8080,4010,61179063.30999838,14174333.333755488,250.251,102.85878010584787
2021-11-27 20:00:56.976302,Belgium,Brussels,ookla.arxus.eu:8080,26887,48839271.393220276,6642365.413316701,41.41,2.516926572807612
2021-11-27 20:10:56.615189,France,Douai,douai.lafibre.info:8080,4010,55068191.1831177,2417198.863251188,92.225,102.85878010584787
2021-11-27 20:20:27.457662,Belgium,Brussels,ookla.arxus.eu:8080,26887,36056096.90373848,16556879.25920797,55.583,2.516926572807612
2021-11-27 20:30:08.914967,NaN
2021-11-27 20:40:37.249443,Belgium,Brussels,speedtestnetgauge2.voo.be:8080,45280,35632641.50264285,6268386.291974817,73.19,2.516926572807612
2021-11-27 20:51:20.583786,Belgium,Brussels,speedtest101.proximus.be:8080,12627,24203504.602209326,13599203.531108148,78.739,2.516926572807612
2021-11-27 21:00:09.290002,NaN
2021-11-27 21:10:25.344233,Belgium,Brussels,speedtest101.proximus.be:8080,12627,44586626.77393684,14602016.393380534,52.13,2.516926572807612
2021-11-27 21:20:22.306539,Belgium,Brussels,speedtest101.proximus.be:8080,12627,37709973.71436461,6904874.883424959,66.163,2.516926572807612
2021-11-27 21:30:31.006534,Belgium,Brussels,speedtest101.proximus.be:8080,12627,16235404.650557263,14220483.90920095,61.991,2.516926572807612
2021-11-27 21:40:31.049089,Belgium,Brussels,speedtest101.proximus.be:8080,12627,19454819.106233332,13541820.955500463,36.164,2.516926572807612
2021-11-27 21:50:33.364644,Belgium,Brussels,speedtest.combell.com:8080,5151,21220058.455312904,8289179.733938944,72.562,2.516926572807612
2021-11-27 22:00:44.599235,Belgium,Brussels,speedtest101.proximus.be:8080,12627,23938796.548509605,11020534.527727561,56.093,2.516926572807612
2021-11-27 22:10:50.595534,Belgium,Brussels,speedtest101.proximus.be:8080,12627,30168484.15770168,10081499.8227212,62.556,2.516926572807612
2021-11-27 22:21:20.324785,Belgium,Brussels,ookla.arxus.eu:8080,26887,38742606.09797439,15623490.792071303,50.179,2.516926572807612
2021-11-27 22:31:04.059439,Belgium,Brussels,ookla.arxus.eu:8080,26887,31735097.26134056,55291834.39856708,52.998,2.516926572807612
2021-11-27 22:41:26.780256,Belgium,Brussels,speedtest101.proximus.be:8080,12627,22503536.090270776,7433939.5262688175,48.586,2.516926572807612
2021-11-27 22:50:36.444557,Belgium,Brussels,speedtest101.proximus.be:8080,12627,39972297.11383721,12930999.270017643,50.181,2.516926572807612
2021-11-27 23:00:30.768502,Belgium,Brussels,speedtest101.proximus.be:8080,12627,15990149.739074714,14190540.550898349,52.201,2.516926572807612
2021-11-27 23:10:37.621027,Belgium,Brussels,speedtest101.proximus.be:8080,12627,17287151.894383054,10079711.799426014,61.519,2.516926572807612
2021-11-27 23:20:32.692701,Belgium,Brussels,speedtest101.proximus.be:8080,12627,21653116.89229118,6879040.848283503,57.212,2.516926572807612
2021-11-27 23:30:22.450428,Belgium,Brussels,ookla.arxus.eu:8080,26887,23656510.72744685,9530576.508239286,74.31,2.516926572807612
2021-11-27 23:40:12.095619,Belgium,Brussels,speedtest101.proximus.be:8080,12627,20643470.154424477,11975269.555419886,55.665,2.516926572807612
2021-11-27 23:50:48.114526,Belgium,Brussels,ookla.arxus.eu:8080,26887,27020074.679595698,16762572.95472581,36.152,2.516926572807612
2021-11-28 00:00:05.231962,NaN
2021-11-28 00:10:41.994734,Belgium,Brussels,ookla.arxus.eu:8080,26887,57929020.95184765,11279757.187228978,57.456,2.516926572807612
2021-11-28 00:20:15.077820,Belgium,Brussels,speedtestnetgauge2.voo.be:8080,45280,43830131.83062896,12538378.488812283,62.333,2.516926572807612
2021-11-28 00:30:46.599828,Belgium,Brussels,ookla.arxus.eu:8080,26887,34201534.22124518,30933302.051608067,60.99,2.516926572807612
2021-11-28 00:40:29.187867,Belgium,Brussels,ookla.arxus.eu:8080,26887,44174074.06012765,25526371.227423627,53.002,2.516926572807612
2021-11-28 00:50:48.913757,Belgium,Brussels,ookla.arxus.eu:8080,26887,34369521.43556767,46914222.53734645,51.507,2.516926572807612
2021-11-28 01:00:16.418939,Belgium,Brussels,ookla.arxus.eu:8080,26887,37326645.623349994,19277078.212546885,41.554,2.516926572807612
2021-11-28 01:11:09.698932,Belgium,Brussels,speedtest.combell.com:8080,5151,19500240.71109738,23074927.81673609,66.864,2.516926572807612
2021-11-28 01:21:28.845542,Belgium,Brussels,ookla.arxus.eu:8080,26887,30243911.379378483,13808506.174933527,54.871,2.516926572807612
2021-11-28 01:31:19.252551,Belgium,Brussels,ookla.arxus.eu:8080,26887,24354900.71905793,24999271.19740659,58.857,2.516926572807612
2021-11-28 01:40:30.825753,Belgium,Brussels,ookla.arxus.eu:8080,26887,26452970.783428203,20325622.65603405,51.33,2.516926572807612
2021-11-28 01:50:49.070689,Belgium,Brussels,ookla.arxus.eu:8080,26887,21159280.902945768,17758298.24011989,45.1,2.516926572807612
2021-11-28 02:00:25.440007,Belgium,Brussels,speedtestnetgauge2.voo.be:8080,45280,15518080.856378188,10345454.488950932,60.316,2.516926572807612
2021-11-28 02:10:43.417094,Belgium,Brussels,ookla.arxus.eu:8080,26887,24022390.931580856,15270181.067198362,56.131,2.516926572807612
2021-11-28 02:21:05.654652,Belgium,Brussels,ookla.arxus.eu:8080,26887,31338751.986193385,20687840.49030826,57.031,2.516926572807612
2021-11-28 02:31:02.059176,Belgium,Brussels,speedtest.combell.com:8080,5151,20511344.285972595,11274572.647764998,57.813,2.516926572807612
2021-11-28 02:40:45.740827,Belgium,Brussels,speedtest.combell.com:8080,5151,63397808.28312742,14617149.850272585,56.592,2.516926572807612
2021-11-28 02:50:21.952564,Belgium,Brussels,speedtest.combell.com:8080,5151,21191404.744974334,17878203.863269076,57.22,2.516926572807612
2021-11-28 03:00:44.665453,United Kingdom,London,speedtest.swishfibre.com:8080,34948,51970186.69383874,16460564.478042457,99.242,319.80756860812994
2021-11-28 03:10:47.074260,United Kingdom,London,speedtest2.lightningfibre.net.uk:8080,34931,39094964.51390449,8711812.098519523,43.651,319.80756860812994
2021-11-28 03:21:28.090750,United Kingdom,London,speedtest2.lightningfibre.net.uk:8080,34931,18798469.102458514,22597284.689191338,51.01,319.80756860812994
2021-11-28 03:30:50.699223,United Kingdom,London,speed-test.ukservers.com:8080,30376,23244445.009041082,18950668.00816455,68.046,319.80756860812994
2021-11-28 03:41:07.151332,United Kingdom,London,speedtest.swishfibre.com:8080,34948,61465667.22585898,23540768.897871625,64.577,319.80756860812994
2021-11-28 03:50:07.569219,United Kingdom,London,speedtest2.lightningfibre.net.uk:8080,34931,18282808.752755705,15994239.939131064,59.604,319.80756860812994
2021-11-28 04:00:03.392083,NaN
2021-11-28 04:11:16.252982,Belgium,Brussels,speedtest.combell.com:8080,5151,17324780.18418423,3431185.931228452,50.752,2.516926572807612
2021-11-28 04:20:47.564215,Belgium,Brussels,speedtest.combell.com:8080,5151,28078153.051088106,21569511.102293227,50.316,2.516926572807612
2021-11-28 04:31:14.248932,United Kingdom,London,speedtest2.lightningfibre.net.uk:8080,34931,19639257.86834215,19528225.38211166,55.682,319.80756860812994
2021-11-28 04:40:41.234983,United Kingdom,London,speedtest2.lightningfibre.net.uk:8080,34931,34484954.76631449,15894053.867378742,49.412,319.80756860812994
2021-11-28 04:51:03.446810,United Kingdom,London,speedtest2.lightningfibre.net.uk:8080,34931,21537483.65980356,21776950.791400835,45.208,319.80756860812994
2021-11-28 05:01:15.261607,Belgium,Brussels,speedtest.combell.com:8080,5151,22176976.683794048,17489542.102333482,53.491,2.516926572807612
2021-11-28 05:11:22.798803,United Kingdom,London,speed-test.ukservers.com:8080,30376,21921189.951341983,15170383.022161676,65.036,319.80756860812994
2021-11-28 05:20:03.842971,United Kingdom,London,speedtest2.lightningfibre.net.uk:8080,34931,19127418.422127992,17035888.529913515,53.005,319.80756860812994
2021-11-28 05:31:23.398056,Belgium,Brussels,speedtestnetgauge2.voo.be:8080,45280,35121298.70666851,7501827.657977255,67.42,2.516926572807612
2021-11-28 05:40:27.771274,United Kingdom,London,speedtest2.lightningfibre.net.uk:8080,34931,19268593.66627193,20552588.79960568,46.366,319.80756860812994
2021-11-28 05:50:59.535525,Belgium,Brussels,speedtest.combell.com:8080,5151,22277676.529721033,20249022.316264417,55.752,2.516926572807612
2021-11-28 06:01:12.281136,Belgium,Brussels,speedtest101.proximus.be:8080,12627,59369722.783355586,11422529.130653273,55.213,2.516926572807612
2021-11-28 06:10:54.262606,Belgium,Brussels,speedtest101.proximus.be:8080,12627,29782181.781293098,11319260.399815002,59.819,2.516926572807612
2021-11-28 06:21:07.071979,Belgium,Brussels,speedtest.combell.com:8080,5151,22478293.53978863,22139659.080647912,72.376,2.516926572807612
2021-11-28 06:31:13.638517,Belgium,Brussels,speedtest.combell.com:8080,5151,17682572.578397945,35575239.89552358,69.493,2.516926572807612
2021-11-28 06:40:19.419828,Belgium,Brussels,speedtest.combell.com:8080,5151,17213471.534574173,12277847.482925702,59.411,2.516926572807612
2021-11-28 06:51:10.075299,Belgium,Brussels,speedtestnetgauge2.voo.be:8080,45280,18239400.02606526,12064870.193378001,62.36,2.516926572807612
2021-11-28 07:00:48.331063,Belgium,Brussels,speedtest.combell.com:8080,5151,17097626.40750559,19427759.36812175,62.553,2.516926572807612
2021-11-28 07:10:22.479414,Belgium,Brussels,speedtestnetgauge2.voo.be:8080,45280,22744418.204013254,16801477.307802025,71.636,2.516926572807612
2021-11-28 07:21:19.623451,Belgium,Brussels,speedtest.combell.com:8080,5151,25270880.740939286,11437518.746120226,55.838,2.516926572807612
2021-11-28 07:31:00.113148,Belgium,Brussels,speedtest.combell.com:8080,5151,44271601.38173159,20011985.142555486,41.552,2.516926572807612
2021-11-28 07:41:20.849422,Belgium,Brussels,speedtest.combell.com:8080,5151,20357144.335114136,11554298.717769442,48.86,2.516926572807612
2021-11-28 07:50:33.936510,Belgium,Brussels,speedtest.combell.com:8080,5151,18349220.480607275,10795560.9960885,42.539,2.516926572807612
2021-11-28 08:00:28.007211,Belgium,Brussels,speedtest.combell.com:8080,5151,35226261.4322515,12438225.075203268,58.557,2.516926572807612
2021-11-28 08:10:07.172859,Belgium,Brussels,speedtest101.proximus.be:8080,12627,21216463.278663754,14596976.71835416,65.194,2.516926572807612
2021-11-28 08:20:14.821790,Belgium,Brussels,speedtest.combell.com:8080,5151,31689442.81212321,32740609.36259692,57.542,2.516926572807612
2021-11-28 08:30:29.198507,Belgium,Brussels,speedtest.combell.com:8080,5151,26686390.98343338,14647490.558977699,61.974,2.516926572807612
2021-11-28 08:41:03.425579,Belgium,Brussels,speedtest.combell.com:8080,5151,22753945.861546308,7391042.643958061,53.444,2.516926572807612
2021-11-28 08:51:08.463262,Belgium,Brussels,speedtestnetgauge2.voo.be:8080,45280,23987296.845656108,12929198.338952363,75.881,2.516926572807612
2021-11-28 09:01:09.548370,Belgium,Brussels,speedtestnetgauge2.voo.be:8080,45280,50660380.12420981,7528906.281736058,62.791,2.516926572807612
2021-11-28 09:11:17.372319,Belgium,Brussels,speedtestnetgauge2.voo.be:8080,45280,18232902.898419823,12720686.863322468,49.484,2.516926572807612
2021-11-28 09:20:02.649236,Belgium,Brussels,speedtestnetgauge2.voo.be:8080,45280,13847480.155740812,3915999.5534390435,76.465,2.516926572807612
2021-11-28 09:31:13.994163,United Kingdom,London,speedtest.itstechnologygroup.com:8080,36539,22172735.35556359,22684567.530799616,46.336,319.80756860812994
2021-11-28 09:40:36.255291,Belgium,Brussels,speedtestnetgauge2.voo.be:8080,45280,28127002.730658468,12519978.161985464,68.111,2.516926572807612
2021-11-28 09:50:07.267578,Belgium,Brussels,speedtestnetgauge2.voo.be:8080,45280,20143671.4008035,11120700.067178555,46.373,2.516926572807612
2021-11-28 10:00:19.364909,Belgium,Brussels,speedtestnetgauge2.voo.be:8080,45280,26681272.973898456,20787528.09706807,46.832,2.516926572807612
2021-11-28 10:11:23.301065,Belgium,Brussels,speedtestnetgauge2.voo.be:8080,45280,27565406.78889982,9659823.148238825,60.285,2.516926572807612
2021-11-28 10:20:23.087231,Belgium,Brussels,speedtestnetgauge2.voo.be:8080,45280,21863973.2201521,10154024.59948616,76.404,2.516926572807612
2021-11-28 10:31:16.457588,United Kingdom,London,speedtest-lon.as60945.net:8080,37536,62183566.29437683,18187927.228415627,53.134,319.80756860812994
2021-11-28 10:40:39.249427,Belgium,Brussels,speedtestnetgauge2.voo.be:8080,45280,43139006.124653526,10252077.883872109,65.146,2.516926572807612
2021-11-28 10:50:13.239453,Belgium,Brussels,speedtestnetgauge2.voo.be:8080,45280,23151853.6246624,12636666.87055743,59.174,2.516926572807612
2021-11-28 11:00:19.635941,United Kingdom,London,speedtest-lon.as60945.net:8080,37536,54723638.58116416,9036265.796298955,65.339,319.80756860812994
2021-11-28 11:10:05.772263,Belgium,Brussels,speedtestnetgauge2.voo.be:8080,45280,28535798.452057112,8079490.2506860625,60.146,2.516926572807612
2021-11-28 11:21:30.051879,Belgium,Brussels,speedtestnetgauge2.voo.be:8080,45280,21594589.837949105,12997847.048605783,62.736,2.516926572807612
2021-11-28 11:30:40.557024,Belgium,Brussels,speedtestnetgauge2.voo.be:8080,45280,17633361.96476308,12438243.05837475,65.451,2.516926572807612
2021-11-28 11:41:29.516634,Belgium,Brussels,speedtestnetgauge2.voo.be:8080,45280,41677711.00284604,12274805.703778274,51.217,2.516926572807612
2021-11-28 11:51:17.631117,United Kingdom,High Wycombe,speedtest2.heybroadband.co.uk:8080,42694,33789516.78274673,6885979.412112202,211.325,365.79010099579
2021-11-28 12:00:05.984920,NaN
2021-11-28 12:10:47.873846,United Kingdom,High Wycombe,speedtest2.heybroadband.co.uk:8080,42694,26924809.87606659,10312342.113849133,133.689,365.79010099579
2021-11-28 12:21:12.559419,United Kingdom,High Wycombe,speedtest2.heybroadband.co.uk:8080,42694,20710537.95282883,15364586.626821497,188.741,365.79010099579
2021-11-28 12:30:49.975816,United Kingdom,High Wycombe,speedtest2.heybroadband.co.uk:8080,42694,20486807.64677844,8805466.739171632,178.229,365.79010099579
2021-11-28 12:40:59.949654,United Kingdom,London,speedtest.itstechnologygroup.com:8080,36539,52396394.994937055,14988554.016931608,56.409,319.80756860812994
2021-11-28 12:50:17.837652,United Kingdom,London,speedtest.swishfibre.com:8080,34948,59152249.11167567,19873232.010436,58.47,319.80756860812994
2021-11-28 13:00:46.479156,United Kingdom,London,speedtest.swishfibre.com:8080,34948,46328584.25876518,23347628.09671898,69.675,319.80756860812994
2021-11-28 13:10:43.337510,United Kingdom,High Wycombe,speedtest2.heybroadband.co.uk:8080,42694,27324889.14157324,4952285.67733321,152.461,365.79010099579
2021-11-28 13:20:44.700751,United Kingdom,London,speedtest.itstechnologygroup.com:8080,36539,30251592.801455114,23233592.312289234,53.849,319.80756860812994
2021-11-28 13:30:14.947338,United Kingdom,High Wycombe,speedtest2.heybroadband.co.uk:8080,42694,32514068.80640668,10576000.712378949,152.78,365.79010099579
2021-11-28 13:40:15.469922,United Kingdom,High Wycombe,speedtest2.heybroadband.co.uk:8080,42694,29991411.630266465,7683002.176724108,152.691,365.79010099579
2021-11-28 13:51:19.989078,United Kingdom,High Wycombe,speedtest2.heybroadband.co.uk:8080,42694,23080422.271357708,8440728.849435635,185.353,365.79010099579
2021-11-28 14:00:19.528168,United Kingdom,High Wycombe,speedtest2.heybroadband.co.uk:8080,42694,24349245.301924497,8295046.289204116,156.358,365.79010099579
2021-11-28 14:10:46.030045,United Kingdom,High Wycombe,speedtest2.heybroadband.co.uk:8080,42694,25323281.638000686,10859407.151382463,156.229,365.79010099579
2021-11-28 14:21:18.464195,United Kingdom,High Wycombe,speedtest2.heybroadband.co.uk:8080,42694,23705695.223942544,9130266.83358994,147.078,365.79010099579
2021-11-28 14:31:20.049279,United Kingdom,High Wycombe,speedtest2.heybroadband.co.uk:8080,42694,25426629.54401922,9472356.741446408,171.825,365.79010099579
2021-11-28 14:40:47.114299,United Kingdom,High Wycombe,speedtest2.heybroadband.co.uk:8080,42694,29760832.329184536,12599176.507797528,149.689,365.79010099579
2021-11-28 14:50:16.470588,United Kingdom,London,speed-test.ukservers.com:8080,30376,25448108.957627717,16111387.600561727,46.313,319.80756860812994
2021-11-28 15:00:49.497581,United Kingdom,London,speed-test.ukservers.com:8080,30376,23479618.03710598,5595175.28556258,68.108,319.80756860812994
2021-11-28 15:10:59.848633,United Kingdom,London,speedtest.itstechnologygroup.com:8080,36539,36894937.80380565,14898124.344880382,58.41,319.80756860812994
2021-11-28 15:20:02.191064,United Kingdom,London,lon.speedtest.clouvider.net:8080,35057,34210944.86775912,5033189.72060286,65.197,319.80756860812994
2021-11-28 15:30:33.739638,United Kingdom,London,speedtest.voip-unlimited.net:8080,35666,23877723.267341685,6827779.12701453,41.914,319.80756860812994
2021-11-28 15:40:58.751445,United Kingdom,London,lon.speedtest.clouvider.net:8080,35057,23295742.34593005,6328101.779996959,69.03,319.80756860812994
2021-11-28 15:51:20.652702,United Kingdom,London,lon.speedtest.clouvider.net:8080,35057,35451514.69965958,6966189.248107122,55.634,319.80756860812994
2021-11-28 16:01:02.629225,United Kingdom,London,speedtest.toob.co.uk:8080,26922,36304970.46620323,15391150.253245624,41.022,319.80756860812994
2021-11-28 16:10:08.584461,United Kingdom,London,speedtest.toob.co.uk:8080,26922,35307164.20305222,10773029.895055443,62.275,319.80756860812994
2021-11-28 16:21:13.739270,United Kingdom,London,lon.speedtest.clouvider.net:8080,35057,37086667.65257751,7937325.729105671,59.726,319.80756860812994
2021-11-28 16:30:12.365718,NaN
2021-11-28 16:40:14.467806,United Kingdom,London,lon.speedtest.clouvider.net:8080,35057,39709935.53568046,12300784.659105733,41.659,319.80756860812994
2021-11-28 16:50:22.117020,United Kingdom,London,lon.speedtest.clouvider.net:8080,35057,35678617.68838435,9846347.634031503,53.663,319.80756860812994
2021-11-28 17:01:11.225479,United Kingdom,London,lon.speedtest.clouvider.net:8080,35057,37185058.16269326,6389097.1797524765,53.696,319.80756860812994
2021-11-28 17:10:10.066910,United Kingdom,London,lon.speedtest.clouvider.net:8080,35057,16726765.02096087,13825470.404435216,62.345,319.80756860812994
2021-11-28 17:20:25.659753,United Kingdom,London,lon.speedtest.clouvider.net:8080,35057,27145962.126340725,9283724.053735359,64.96,319.80756860812994
2021-11-28 17:31:23.811892,United Kingdom,London,lon.speedtest.clouvider.net:8080,35057,21091327.163958676,7227061.850252888,51.712,319.80756860812994
2021-11-28 17:41:05.949423,United Kingdom,London,speedtest.livedrive.com:8080,41248,26473254.8919778,13713079.18154977,65.466,319.80756860812994
2021-11-28 17:51:22.910328,Belgium,Brussels,speedtestnetgauge2.voo.be:8080,45280,33084826.931576937,10234552.789157245,64.469,2.516926572807612
2021-11-28 18:00:15.496572,United Kingdom,London,speedtest.livedrive.com:8080,41248,25461978.05103193,9533301.291451165,69.485,319.80756860812994
2021-11-28 18:10:35.144121,Belgium,Brussels,ookla.arxus.eu:8080,26887,28777175.888959862,11020141.282203088,67.219,2.516926572807612
2021-11-28 18:20:08.973726,United Kingdom,London,speedtest.livedrive.com:8080,41248,45276054.97893031,17302359.944492847,41.326,319.80756860812994
2021-11-28 18:30:14.969133,Belgium,Brussels,ookla.arxus.eu:8080,26887,38289093.85594942,13042540.006762909,53.724,2.516926572807612
2021-11-28 18:40:39.832251,United Kingdom,London,speedtest.thn.lon.network.as201838.net:8080,30690,20082711.710340127,20401984.63185832,64.646,319.80756860812994
2021-11-28 18:50:22.513452,Belgium,Brussels,speedtestnetgauge2.voo.be:8080,45280,25499619.658988465,8037206.588207125,69.811,2.516926572807612
2021-11-28 19:00:25.109052,Belgium,Brussels,speedtestnetgauge2.voo.be:8080,45280,15094772.351328913,5331560.416709065,75.902,2.516926572807612
2021-11-28 19:10:45.295657,United Kingdom,London,speedtest.thn.lon.network.as201838.net:8080,30690,26096874.657440502,17559492.735860135,77.94,319.80756860812994
2021-11-28 19:21:26.261456,Belgium,Brussels,ookla.arxus.eu:8080,26887,39936513.30584586,10938495.462990133,57.2,2.516926572807612
2021-11-28 19:30:27.679801,Belgium,Brussels,ookla.arxus.eu:8080,26887,25811688.63145425,31625961.170004137,62.697,2.516926572807612
2021-11-28 19:40:53.059508,Belgium,Brussels,speedtestnetgauge2.voo.be:8080,45280,42912549.640145466,10271080.269418713,59.666,2.516926572807612
2021-11-28 19:50:54.299355,Belgium,Brussels,ookla.arxus.eu:8080,26887,33543882.836864848,14168257.740278155,64.193,2.516926572807612
2021-11-28 20:01:19.826615,Belgium,Brussels,ookla.arxus.eu:8080,26887,44413900.24917916,29727262.600047328,57.17,2.516926572807612
2021-11-28 20:10:41.118862,United Kingdom,London,speedtest.livedrive.com:8080,41248,6773328.708070498,4556909.224565763,92.632,319.80756860812994
2021-11-28 20:20:32.637083,Belgium,Brussels,ookla.arxus.eu:8080,26887,23043032.763029702,13061315.295721173,41.649,2.516926572807612
2021-11-28 20:30:34.819257,Belgium,Brussels,ookla.arxus.eu:8080,26887,23218092.959059596,17929330.418342307,50.339,2.516926572807612
2021-11-28 20:41:05.157267,United Kingdom,London,speedtest.livedrive.com:8080,41248,27225401.98521602,26114219.760735527,58.848,319.80756860812994
2021-11-28 20:51:30.549167,Belgium,DIEGEM,speedtest.arcadiz.net:8080,29238,20960687.386570442,19322940.984958615,69.455,9.656702784214907
2021-11-28 21:00:52.662434,United Kingdom,London,speedtest.cerberusnetworks.co.uk:8080,32944,47908148.93030752,17916869.011641692,60.344,319.80756860812994
2021-11-28 21:10:48.787610,Belgium,DIEGEM,speedtest.arcadiz.net:8080,29238,24154222.64647977,18635558.060662895,52.129,9.656702784214907
2021-11-28 21:21:15.309229,Belgium,DIEGEM,speedtest.arcadiz.net:8080,29238,27652488.673752874,11440926.065663552,60.142,9.656702784214907
2021-11-28 21:30:37.809425,Belgium,DIEGEM,speedtest.arcadiz.net:8080,29238,24222795.40586701,18081125.990689494,39.718,9.656702784214907
2021-11-28 21:40:16.878674,Belgium,DIEGEM,speedtest.arcadiz.net:8080,29238,19588319.061995853,15892989.912648415,41.839,9.656702784214907
2021-11-28 21:50:25.338093,United Kingdom,London,speedtest.cerberusnetworks.co.uk:8080,32944,26014947.364799786,18163657.283617873,46.311,319.80756860812994
2021-11-28 22:01:02.499420,Belgium,DIEGEM,speedtest.arcadiz.net:8080,29238,20828055.532114595,21808542.77477429,74.04,9.656702784214907
2021-11-28 22:11:00.718991,Belgium,DIEGEM,speedtest.arcadiz.net:8080,29238,18291763.0035936,14060185.03286129,59.03,9.656702784214907
2021-11-28 22:20:50.802339,Belgium,DIEGEM,speedtest.arcadiz.net:8080,29238,19791622.20607301,28434246.663316604,53.255,9.656702784214907
2021-11-28 22:30:45.982128,Belgium,DIEGEM,speedtest.arcadiz.net:8080,29238,17113888.46050726,10423785.97160937,59.889,9.656702784214907
2021-11-28 22:41:20.021928,Belgium,DIEGEM,speedtest.arcadiz.net:8080,29238,19814652.153935757,17772065.161128413,50.982,9.656702784214907
2021-11-28 22:51:23.579252,Belgium,DIEGEM,speedtest.arcadiz.net:8080,29238,14187230.843978403,9433722.6468334,66.537,9.656702784214907
2021-11-28 23:00:10.575654,NaN
2021-11-28 23:10:03.329648,Belgium,DIEGEM,speedtest.arcadiz.net:8080,29238,24005824.676212102,25428853.53658992,70.547,9.656702784214907
2021-11-28 23:20:20.254802,Belgium,DIEGEM,speedtest.arcadiz.net:8080,29238,20672348.168040812,18774086.774049874,50.038,9.656702784214907
2021-11-28 23:31:23.916126,United Kingdom,London,speedtest.livedrive.com:8080,41248,21799910.752751186,12675384.317520753,57.166,319.80756860812994
2021-11-28 23:40:59.221970,United Kingdom,London,speedtest.itstechnologygroup.com:8080,36539,27632382.78190122,18034731.122083265,61.071,319.80756860812994
2021-11-28 23:50:41.860105,Belgium,Brussels,speedtest101.proximus.be:8080,12627,51875248.606756024,7041242.864384171,74.491,2.516926572807612
2021-11-29 00:00:28.063570,Belgium,Brussels,speedtest101.proximus.be:8080,12627,26989153.69654059,9250643.834737781,54.656,2.516926572807612
2021-11-29 00:10:17.440391,United Kingdom,London,speedtest.itstechnologygroup.com:8080,36539,24207409.20391258,18252474.412560523,63.85,319.80756860812994
2021-11-29 00:21:18.877479,United Kingdom,London,speedtest.warwicknet.com:8080,36503,32817885.929584954,15068036.611032547,63.691,319.80756860812994
2021-11-29 00:30:47.738691,United Kingdom,London,speedtest.itstechnologygroup.com:8080,36539,23568690.53901728,14617612.493403342,59.612,319.80756860812994
2021-11-29 00:40:45.263909,United Kingdom,London,speedtest.warwicknet.com:8080,36503,37419454.78271476,18320531.407684095,55.647,319.80756860812994
2021-11-29 00:50:08.258071,Belgium,Brussels,speedtest101.proximus.be:8080,12627,29597433.233139653,15865269.725114396,40.843,2.516926572807612
2021-11-29 01:01:22.567695,United Kingdom,London,speedtest.itstechnologygroup.com:8080,36539,22775632.054816715,14459112.627408389,67.649,319.80756860812994
2021-11-29 01:11:11.149784,United Kingdom,London,speedtest.warwicknet.com:8080,36503,61936489.82273824,17108323.2436759,49.598,319.80756860812994
2021-11-29 01:21:06.774935,Belgium,Brussels,speedtest101.proximus.be:8080,12627,26608666.897296213,12961902.769785196,49.121,2.516926572807612
2021-11-29 01:31:11.359135,United Kingdom,London,speedtest.itstechnologygroup.com:8080,36539,16170622.921870442,11803021.257249996,73.021,319.80756860812994
2021-11-29 01:41:27.849436,Belgium,Brussels,speedtest101.proximus.be:8080,12627,19856380.214828413,13885395.373046402,59.601,2.516926572807612
2021-11-29 01:51:23.935843,United Kingdom,London,speedtest.warwicknet.com:8080,36503,57994137.082083106,23143911.026533633,51.604,319.80756860812994
2021-11-29 02:01:30.918923,United Kingdom,London,speedtest.warwicknet.com:8080,36503,39247537.804303505,15551812.38621418,54.342,319.80756860812994
2021-11-29 02:10:30.351087,United Kingdom,London,speedtest.thn.lon.network.as201838.net:8080,30690,43457272.26532092,9746522.786377314,62.703,319.80756860812994
2021-11-29 02:20:44.638634,Belgium,Brussels,speedtest101.proximus.be:8080,12627,51787482.81580689,10449114.88508889,65.614,2.516926572807612
2021-11-29 02:31:10.614469,Belgium,Brussels,speedtest101.proximus.be:8080,12627,20586780.84360257,11134183.55255318,78.035,2.516926572807612
2021-11-29 02:40:58.845559,United Kingdom,London,speedtest.toob.co.uk:8080,26922,43162016.468845434,14535165.090322945,60.654,319.80756860812994
2021-11-29 02:51:25.536700,United Kingdom,London,speedtest.voip-unlimited.net:8080,35666,23633449.14851261,10892375.368885621,54.315,319.80756860812994
2021-11-29 03:00:56.002270,United Kingdom,London,speedtest.voip-unlimited.net:8080,35666,27480637.56181133,7563366.979130952,57.033,319.80756860812994
2021-11-29 03:11:06.592867,Belgium,Antwerp,speedtest1.mirror.nucleus.be:8080,2955,19109312.097930748,16207853.759099096,98.088,43.554057605334165
2021-11-29 03:21:27.885719,Belgium,Antwerp,speedtest1.mirror.nucleus.be:8080,2955,18954518.469820857,23083328.590503216,54.014,43.554057605334165
2021-11-29 03:30:23.832744,Belgium,Antwerp,speedtest1.mirror.nucleus.be:8080,2955,42242286.56313588,24810458.204522066,56.53,43.554057605334165
2021-11-29 03:41:02.255552,Belgium,Antwerp,speedtest1.mirror.nucleus.be:8080,2955,16323219.30253296,12538714.555479312,68.804,43.554057605334165
2021-11-29 03:50:10.170987,United Kingdom,London,speedtest.toob.co.uk:8080,26922,20316473.29272543,33661203.50039223,61.506,319.80756860812994
2021-11-29 04:00:02.126466,NaN
2021-11-29 04:10:09.549996,Belgium,Antwerp,speedtest1.mirror.nucleus.be:8080,2955,20412574.04548217,20862545.996067066,65.343,43.554057605334165
2021-11-29 04:21:03.183540,Belgium,Antwerp,speedtest1.mirror.nucleus.be:8080,2955,44795023.255996555,15451227.645521987,55.424,43.554057605334165
2021-11-29 04:30:22.132205,Belgium,Antwerp,speedtest1.mirror.nucleus.be:8080,2955,18356164.9822072,14048545.570474546,64.115,43.554057605334165
2021-11-29 04:40:03.499790,Belgium,Antwerp,speedtest1.mirror.nucleus.be:8080,2955,22868486.56817195,18441129.021339167,39.177,43.554057605334165
2021-11-29 04:51:06.478235,United Kingdom,London,speedtest.toob.co.uk:8080,26922,23919119.353597224,17803360.430008017,43.251,319.80756860812994
2021-11-29 05:00:30.307848,United Kingdom,London,speedtest.toob.co.uk:8080,26922,26135702.369517308,21721156.864717625,54.221,319.80756860812994
2021-11-29 05:10:19.155354,Belgium,Antwerp,speedtest1.mirror.nucleus.be:8080,2955,23260480.019412164,26508948.09263123,59.975,43.554057605334165
2021-11-29 05:21:14.669315,United Kingdom,London,lon.speedtest.clouvider.net:8080,35057,46412189.13604268,20033342.23335044,51.637,319.80756860812994
2021-11-29 05:30:20.839217,United Kingdom,London,lon.speedtest.clouvider.net:8080,35057,24534790.008061137,12723259.87273579,64.564,319.80756860812994
2021-11-29 05:41:24.235183,United Kingdom,London,speedtest.voip-unlimited.net:8080,35666,20232987.020885758,10628210.165279305,42.374,319.80756860812994
2021-11-29 05:51:19.715686,United Kingdom,Eastbourne,sp1.mtechsystems.co.uk:8080,31953,22721416.60639725,9520181.33595077,69.027,285.93580666054703
2021-11-29 06:00:38.166262,United Kingdom,Eastbourne,sp1.mtechsystems.co.uk:8080,31953,21670219.572212365,13637118.679554624,46.852,285.93580666054703
2021-11-29 06:11:14.067105,United Kingdom,Eastbourne,sp1.mtechsystems.co.uk:8080,31953,30068673.985820297,8549626.398233954,54.361,285.93580666054703
2021-11-29 06:21:18.033546,United Kingdom,Eastbourne,sp1.mtechsystems.co.uk:8080,31953,24706963.253143348,7759101.747007606,60.168,285.93580666054703
2021-11-29 06:30:58.044707,United Kingdom,Eastbourne,sp1.mtechsystems.co.uk:8080,31953,23022937.044908676,7588247.672304659,50.504,285.93580666054703
2021-11-29 06:40:53.486867,United Kingdom,Eastbourne,sp1.mtechsystems.co.uk:8080,31953,30777505.6268359,8943643.490339426,58.587,285.93580666054703
2021-11-29 06:50:15.429225,United Kingdom,Eastbourne,sp1.mtechsystems.co.uk:8080,31953,30983623.407229923,8209846.035874628,43.881,285.93580666054703
2021-11-29 07:01:16.609965,United Kingdom,London,speedtest2.lightningfibre.net.uk:8080,34931,20107266.9980711,15670286.338048626,65.247,319.80756860812994
2021-11-29 07:11:08.589483,United Kingdom,Eastbourne,sp1.mtechsystems.co.uk:8080,31953,38486613.50147089,8706753.774669614,56.143,285.93580666054703
2021-11-29 07:20:35.339228,United Kingdom,Eastbourne,sp1.mtechsystems.co.uk:8080,31953,23001311.46481699,9627468.77288624,41.017,285.93580666054703
2021-11-29 07:30:17.092334,United Kingdom,Eastbourne,sp1.mtechsystems.co.uk:8080,31953,45414864.06680735,9758341.569882331,61.223,285.93580666054703
2021-11-29 07:40:34.125560,United Kingdom,London,speedtest2.lightningfibre.net.uk:8080,34931,24570856.917798992,21543260.618319172,52.271,319.80756860812994
2021-11-29 07:50:40.736476,United Kingdom,Eastbourne,sp1.mtechsystems.co.uk:8080,31953,25793523.6872009,11180133.659308307,55.392,285.93580666054703
2021-11-29 08:00:29.151646,United Kingdom,London,speedtest2.lightningfibre.net.uk:8080,34931,44639582.52871786,20326108.26347851,61.428,319.80756860812994
2021-11-29 08:11:08.428318,NaN
2021-11-29 08:20:37.934118,United Kingdom,Eastbourne,sp1.mtechsystems.co.uk:8080,31953,26216456.25945736,11744091.813461129,67.918,285.93580666054703
2021-11-29 08:30:16.980118,United Kingdom,Eastbourne,sp1.mtechsystems.co.uk:8080,31953,36182022.052206635,9673351.305601524,62.84,285.93580666054703
2021-11-29 08:40:40.418891,Belgium,Brussels,speedtestnetgauge2.voo.be:8080,45280,36985991.28109094,9888179.4331226,75.68,2.516926572807612
2021-11-29 08:51:31.518872,Belgium,Brussels,speedtest.combell.com:8080,5151,25431055.7958652,11675034.066989578,53.437,2.516926572807612
2021-11-29 09:00:20.577590,Belgium,Brussels,speedtest.combell.com:8080,5151,22611521.626816634,17836944.176988523,55.949,2.516926572807612
2021-11-29 09:10:26.532231,France,Croissy-Beaubourg,77.testdebit.info:8080,45202,52604455.54480281,12148371.721591126,66.326,253.1703955514489
2021-11-29 09:20:06.019154,France,Croissy-Beaubourg,77.testdebit.info:8080,45202,53632009.95861424,6756080.9687061515,55.987,253.1703955514489
2021-11-29 09:30:57.025468,Belgium,Brussels,speedtest.combell.com:8080,5151,52406858.28049101,18697044.661417093,51.739,2.516926572807612
2021-11-29 09:40:23.879427,France,Croissy-Beaubourg,77.testdebit.info:8080,45202,76358541.82860628,13742355.804682123,65.155,253.1703955514489
2021-11-29 09:50:09.064626,France,Croissy-Beaubourg,77.testdebit.info:8080,45202,50176180.199704714,8468084.040973738,49.157,253.1703955514489
2021-11-29 10:00:50.637154,Belgium,Brussels,ookla.arxus.eu:8080,26887,42762383.73979609,26298814.38042911,44.076,2.516926572807612
2021-11-29 10:11:12.809432,France,Croissy-Beaubourg,77.testdebit.info:8080,45202,63620751.327264674,9049993.73635895,49.316,253.1703955514489
2021-11-29 10:20:39.671912,Belgium,Brussels,speedtestnetgauge2.voo.be:8080,45280,25373324.162248395,12212225.294581184,61.06,2.516926572807612
2021-11-29 10:30:27.442478,France,Croissy-Beaubourg,77.testdebit.info:8080,45202,65054353.41061834,14031663.192582916,58.858,253.1703955514489
2021-11-29 10:40:12.640588,France,Croissy-Beaubourg,77.testdebit.info:8080,45202,52344668.406953804,19357000.12837639,52.205,253.1703955514489
2021-11-29 10:50:30.481377,Belgium,Brussels,ookla.arxus.eu:8080,26887,32915140.153236046,19438219.297276016,55.665,2.516926572807612
2021-11-29 11:00:24.664372,Belgium,Brussels,speedtest.combell.com:8080,5151,42786400.950000875,14435640.961960312,51.939,2.516926572807612
2021-11-29 11:10:59.421730,Belgium,Brussels,speedtest.combell.com:8080,5151,21323093.875675883,17589584.115860324,45.519,2.516926572807612
2021-11-29 11:21:22.199407,Belgium,Brussels,ookla.arxus.eu:8080,26887,30196103.633155443,21276703.886220507,50.737,2.516926572807612
2021-11-29 11:30:36.035803,France,Croissy-Beaubourg,77.testdebit.info:8080,45202,40277380.92010342,11169744.431782095,78.985,253.1703955514489
2021-11-29 11:41:31.226894,France,Croissy-Beaubourg,77.testdebit.info:8080,45202,46531163.90612298,12152313.068731371,52.438,253.1703955514489
2021-11-29 11:50:24.829260,France,Lille,speedtest.eurafibre.fr:8080,16913,34846571.4180658,10539415.322263729,93.877,93.48115012002118
2021-11-29 12:00:35.232257,France,Lille,speedtest.eurafibre.fr:8080,16913,40001174.931577444,17703749.727444217,66.389,93.48115012002118
2021-11-29 12:10:39.549429,United Kingdom,London,speedtestmera.vs.mythic-beasts.com:8080,32806,31277692.216451045,20437732.093228716,86.071,319.80756860812994
2021-11-29 12:20:08.489413,United Kingdom,London,speedtest.warwicknet.com:8080,36503,40375687.33598325,8982219.334452335,51.347,319.80756860812994
2021-11-29 12:30:42.906657,United Kingdom,London,speedtest.warwicknet.com:8080,36503,32649948.623870756,25057347.646397192,80.556,319.80756860812994
2021-11-29 12:41:01.317225,United Kingdom,London,speedtest.warwicknet.com:8080,36503,43836265.98447824,17016472.563549384,64.915,319.80756860812994
2021-11-29 12:51:27.105156,United Kingdom,London,speedtest.warwicknet.com:8080,36503,39613685.22827143,24166411.732712045,82.306,319.80756860812994
2021-11-29 13:00:07.631338,NaN
2021-11-29 13:10:28.787841,France,Lille,speedtest.eurafibre.fr:8080,16913,17431906.636573967,23700890.768780015,86.463,93.48115012002118
2021-11-29 13:21:25.440680,France,Lille,speedtest.eurafibre.fr:8080,16913,18425729.87995549,13442122.760637596,60.061,93.48115012002118
2021-11-29 13:30:47.964047,France,Lille,speedtest.eurafibre.fr:8080,16913,19093813.71117665,15940331.66099496,104.182,93.48115012002118
2021-11-29 13:40:06.402944,United Kingdom,London,speedtestmera.vs.mythic-beasts.com:8080,32806,37983044.4614157,22194856.45660675,71.72,319.80756860812994
2021-11-29 13:50:12.777717,United Kingdom,London,speedtest.warwicknet.com:8080,36503,38905749.06921997,27568930.85561107,52.925,319.80756860812994
2021-11-29 14:00:13.764096,Belgium,Brussels,ookla.arxus.eu:8080,26887,26848938.17851728,5092269.414111671,67.529,2.516926572807612
2021-11-29 14:10:36.703763,France,Lille,speedtest.eurafibre.fr:8080,16913,35966484.88932139,17900224.390781395,95.691,93.48115012002118
2021-11-29 14:20:36.462849,France,Lille,speedtest.eurafibre.fr:8080,16913,23452992.64063205,12366738.858791381,58.822,93.48115012002118
2021-11-29 14:30:30.503294,France,Lille,speedtest.eurafibre.fr:8080,16913,41827454.58617104,15684018.140790751,81.267,93.48115012002118
2021-11-29 14:40:59.305455,France,Lille,speedtest.eurafibre.fr:8080,16913,23774825.545210596,6379827.1440458335,54.649,93.48115012002118
2021-11-29 14:50:28.845333,Netherlands,Amersfoort,sp1.jonaz.nl:8080,10644,29521705.033541,23426904.31076313,80.03,163.95957648082347
2021-11-29 15:00:36.504552,Netherlands,Amersfoort,sp1.jonaz.nl:8080,10644,32616044.208665784,17348893.736334532,39.864,163.95957648082347
2021-11-29 15:10:35.702216,Netherlands,Amersfoort,sp1.jonaz.nl:8080,10644,30839732.46595353,21018603.71285462,74.547,163.95957648082347
2021-11-29 15:21:02.963721,Belgium,Brussels,speedtestnetgauge2.voo.be:8080,45280,27362602.488567762,7848967.22437556,59.732,2.516926572807612
2021-11-29 15:31:26.044521,Netherlands,Amersfoort,sp1.jonaz.nl:8080,10644,17292152.80034336,12283553.328123879,64.632,163.95957648082347
2021-11-29 15:41:00.967000,Netherlands,Amersfoort,sp1.jonaz.nl:8080,10644,27431497.664038848,3767400.77446002,48.234,163.95957648082347
2021-11-29 15:51:00.059440,Netherlands,Amersfoort,sp1.jonaz.nl:8080,10644,16865659.508711692,18200907.7525143,50.384,163.95957648082347
2021-11-29 16:00:57.634984,Netherlands,Amersfoort,sp1.jonaz.nl:8080,10644,20901804.990736075,11546191.309295844,38.295,163.95957648082347
2021-11-29 16:10:39.989830,Netherlands,Amersfoort,sp1.jonaz.nl:8080,10644,15335244.402452676,11327118.270913744,57.15,163.95957648082347
2021-11-29 16:20:02.796244,Netherlands,Amersfoort,sp1.jonaz.nl:8080,10644,19311590.41399484,13215541.024961066,58.341,163.95957648082347
2021-11-29 16:30:40.904320,Netherlands,Amersfoort,sp1.jonaz.nl:8080,10644,51747790.61082687,21056083.510046367,36.825,163.95957648082347
2021-11-29 16:40:46.309406,Belgium,Brussels,speedtestnetgauge2.voo.be:8080,45280,29289711.4952789,12176620.349675963,49.128,2.516926572807612
2021-11-29 16:50:40.863446,Netherlands,Amersfoort,sp1.jonaz.nl:8080,10644,25505776.907890774,11778661.04806103,47.083,163.95957648082347
2021-11-29 17:00:27.614430,Netherlands,Amersfoort,sp1.jonaz.nl:8080,10644,38476608.33948402,13849545.305735825,55.674,163.95957648082347
2021-11-29 17:11:10.493153,Netherlands,Amersfoort,sp1.jonaz.nl:8080,10644,35233568.037349895,14552208.46904699,53.427,163.95957648082347
2021-11-29 17:20:15.368300,Netherlands,Amersfoort,sp1.jonaz.nl:8080,10644,13602608.884661011,17538658.651443094,40.29,163.95957648082347
2021-11-29 17:30:12.011416,NaN
2021-11-29 17:41:05.352936,Netherlands,Amersfoort,sp1.jonaz.nl:8080,10644,16324993.949038878,5966857.806781359,55.101,163.95957648082347
2021-11-29 17:50:14.888664,Belgium,Brussels,ookla.arxus.eu:8080,26887,28703667.247101206,12942748.206538001,61.029,2.516926572807612
2021-11-29 18:00:38.269322,Belgium,Brussels,ookla.arxus.eu:8080,26887,28790163.66511726,7235884.369682392,48.216,2.516926572807612
2021-11-29 18:11:26.410161,United States,"Garden City, NY",speednet.webair.com:8080,6166,28574980.093768924,8733922.3531764,188.857,5865.030015184414
2021-11-29 18:21:24.428334,United States,"Garden City, NY",speednet.webair.com:8080,6166,16426995.820247304,10113372.3292905,163.046,5865.030015184414
2021-11-29 18:30:56.041344,Belgium,Brussels,ookla.arxus.eu:8080,26887,25583298.196076058,16045066.53060668,55.493,2.516926572807612
2021-11-29 18:41:31.069004,United States,"Garden City, NY",speednet.webair.com:8080,6166,13735942.271590726,15525498.534623472,162.503,5865.030015184414
2021-11-29 18:50:40.861497,Belgium,Brussels,ookla.arxus.eu:8080,26887,14123394.09319067,26293153.154690396,268.414,2.516926572807612
2021-11-29 19:00:43.967806,United States,"Garden City, NY",speednet.webair.com:8080,6166,13598025.101136636,5821445.251988877,149.497,5865.030015184414
2021-11-29 19:10:57.127340,Belgium,Brussels,ookla.arxus.eu:8080,26887,34226738.99184138,21431646.41837402,44.182,2.516926572807612
2021-11-29 19:20:22.700830,United States,"Garden City, NY",speednet.webair.com:8080,6166,18033882.118647933,20449291.376167215,167.949,5865.030015184414
2021-11-29 19:30:30.932533,Belgium,Brussels,ookla.arxus.eu:8080,26887,20688514.022407185,22974211.285881896,60.869,2.516926572807612
2021-11-29 19:40:30.779196,United States,"Garden City, NY",speednet.webair.com:8080,6166,22466702.764336642,6544073.021170867,151.135,5865.030015184414
2021-11-29 19:50:07.846538,Belgium,Brussels,ookla.arxus.eu:8080,26887,41344164.39260057,14714193.135359913,67.889,2.516926572807612
2021-11-29 20:01:25.341202,Belgium,Brussels,ookla.arxus.eu:8080,26887,16454392.552786708,17943346.115420528,74.934,2.516926572807612
2021-11-29 20:10:25.507680,Belgium,Brussels,ookla.arxus.eu:8080,26887,26811978.683926854,7663942.144426532,53.361,2.516926572807612
2021-11-29 20:20:33.519040,Belgium,Brussels,ookla.arxus.eu:8080,26887,26104794.82345497,15358797.725655822,60.222,2.516926572807612
2021-11-29 20:30:34.271364,Belgium,Brussels,ookla.arxus.eu:8080,26887,23611934.924548365,25535817.17408182,72.361,2.516926572807612
2021-11-29 20:41:22.621860,United States,"Garden City, NY",speednet.webair.com:8080,6166,16770639.00760909,20451737.64063605,153.428,5865.030015184414
2021-11-29 20:50:30.143151,United Kingdom,London,speedtest.cerberusnetworks.co.uk:8080,32944,20705803.74230338,24423928.610149417,76.208,319.80756860812994
2021-11-29 21:00:06.043165,NaN
2021-11-29 21:10:35.929231,United Kingdom,London,speedtest.swishfibre.com:8080,34948,42024352.33438241,11135565.021797687,46.288,319.80756860812994
2021-11-29 21:20:07.919901,United Kingdom,London,speedtest.swishfibre.com:8080,34948,59817522.60304963,17568524.14863964,58.275,319.80756860812994
2021-11-29 21:31:08.223749,United Kingdom,London,speedtest.swishfibre.com:8080,34948,43679378.31905457,8585518.457899995,38.277,319.80756860812994
2021-11-29 21:40:10.042691,United Kingdom,London,speedtest.cerberusnetworks.co.uk:8080,32944,36611769.08266753,17984286.372433607,38.287,319.80756860812994
2021-11-29 21:50:27.144994,United Kingdom,London,speedtest.swishfibre.com:8080,34948,73137319.75589941,15162020.321059316,91.179,319.80756860812994
2021-11-29 22:00:35.899269,United Kingdom,London,speedtest.cerberusnetworks.co.uk:8080,32944,24576410.096587956,18369069.74061582,38.001,319.80756860812994
2021-11-29 22:10:28.022662,United Kingdom,London,speedtest.cerberusnetworks.co.uk:8080,32944,23389031.045675106,27697800.433861088,47.468,319.80756860812994
2021-11-29 22:20:15.992518,United Kingdom,London,speedtest.cerberusnetworks.co.uk:8080,32944,36394073.1360719,11400970.25798941,66.333,319.80756860812994
2021-11-29 22:30:33.645549,United Kingdom,London,speedtestmera.vs.mythic-beasts.com:8080,32806,19184515.305274915,16680009.11418129,80.474,319.80756860812994
2021-11-29 22:41:19.776565,United Kingdom,London,speedtest.swishfibre.com:8080,34948,55063762.24979444,16375924.580664951,55.743,319.80756860812994
2021-11-29 22:50:19.216355,United Kingdom,London,speedtest.cerberusnetworks.co.uk:8080,32944,18381625.06176511,14051178.045574842,67.596,319.80756860812994
2021-11-29 23:00:16.069183,United Kingdom,London,speedtest.cerberusnetworks.co.uk:8080,32944,37617005.571748264,9538436.89178224,53.003,319.80756860812994
2021-11-29 23:11:05.156289,United Kingdom,London,st-1.fibrenest.net:8080,33216,24728033.299200196,12471023.426684625,78.312,319.80756860812994
2021-11-29 23:20:24.469446,United Kingdom,London,speedtest.cerberusnetworks.co.uk:8080,32944,26955660.715576887,23408863.759659212,66.479,319.80756860812994
2021-11-29 23:30:33.785545,United Kingdom,London,speedtest.cerberusnetworks.co.uk:8080,32944,25408232.4037654,9926419.933648374,66.337,319.80756860812994
2021-11-29 23:40:14.993569,United Kingdom,London,speedtest.cerberusnetworks.co.uk:8080,32944,18629197.69715571,14989728.912262492,51.799,319.80756860812994
2021-11-29 23:50:43.343395,France,Fontenay-sous-Bois,speed.bakerserver.space:8080,46510,34988336.45693984,11339054.795258755,92.964,257.46152112679994
2021-11-30 00:01:06.451625,France,Fontenay-sous-Bois,speed.bakerserver.space:8080,46510,23050606.77276913,11717818.870547824,69.549,257.46152112679994
2021-11-30 00:10:42.806595,France,Fontenay-sous-Bois,speed.bakerserver.space:8080,46510,10886658.86079732,12494598.223477287,80.379,257.46152112679994
2021-11-30 00:21:08.825264,France,Fontenay-sous-Bois,speed.bakerserver.space:8080,46510,31800405.639643796,18563768.501925115,84.557,257.46152112679994
2021-11-30 00:30:41.660537,France,Fontenay-sous-Bois,speed.bakerserver.space:8080,46510,53425201.58531069,19487812.68049027,75.855,257.46152112679994
2021-11-30 00:40:57.181485,France,Fontenay-sous-Bois,speed.bakerserver.space:8080,46510,37904307.30649173,16795076.035593282,55.999,257.46152112679994
2021-11-30 00:50:11.021211,France,Reims,reims.testdebit.info:8080,5813,28175782.383965645,19448668.03174047,88.208,175.40765534708154
2021-11-30 01:00:19.880134,France,Fontenay-sous-Bois,speed.bakerserver.space:8080,46510,27068066.11931642,23868782.35261402,94.766,257.46152112679994
2021-11-30 01:11:22.669441,France,Fontenay-sous-Bois,speed.bakerserver.space:8080,46510,26551888.005841978,20469494.562694877,73.336,257.46152112679994
2021-11-30 01:20:11.692803,France,Fontenay-sous-Bois,speed.bakerserver.space:8080,46510,26147531.498789158,23483730.365587745,113.138,257.46152112679994
2021-11-30 01:30:06.669702,NaN
2021-11-30 01:40:40.919467,France,Reims,reims.testdebit.info:8080,5813,27838853.144410945,22279517.001222637,126.606,175.40765534708154
2021-11-30 01:51:04.149241,France,Fontenay-sous-Bois,speed.bakerserver.space:8080,46510,33587666.745260306,15260447.545232391,59.855,257.46152112679994
2021-11-30 02:00:24.989129,France,Fontenay-sous-Bois,speed.bakerserver.space:8080,46510,48508906.98249389,17445091.54418483,71.901,257.46152112679994
2021-11-30 02:10:58.859219,France,Reims,reims.testdebit.info:8080,5813,22937233.19408827,13093170.600780258,67.493,175.40765534708154
2021-11-30 02:21:21.826695,France,Reims,reims.testdebit.info:8080,5813,30797569.66674417,8690086.22419956,52.117,175.40765534708154
2021-11-30 02:31:31.464977,France,Reims,reims.testdebit.info:8080,5813,23860224.865265112,13761277.8750671,73.192,175.40765534708154
2021-11-30 02:40:26.809427,France,Fontenay-sous-Bois,speed.bakerserver.space:8080,46510,40294699.677504934,17086296.203076936,57.438,257.46152112679994
2021-11-30 02:50:13.613416,Belgium,Brussels,speedtestnetgauge2.voo.be:8080,45280,54720414.12890309,10830957.076409768,39.665,2.516926572807612
2021-11-30 03:01:28.808618,Belgium,Brussels,speedtest.combell.com:8080,5151,47512873.713055655,12112814.790813828,61.425,2.516926572807612
2021-11-30 03:11:07.694388,Belgium,Brussels,speedtest.combell.com:8080,5151,43037003.56585984,15316693.35532502,62.75,2.516926572807612
2021-11-30 03:21:03.552008,Belgium,Brussels,speedtest.combell.com:8080,5151,37814426.95336211,6742287.487822225,60.927,2.516926572807612
2021-11-30 03:30:46.658408,Belgium,Brussels,speedtest.combell.com:8080,5151,38346324.59025892,15524824.55805743,55.736,2.516926572807612
2021-11-30 03:40:56.280042,Belgium,Brussels,speedtestnetgauge2.voo.be:8080,45280,53308997.94893874,8730689.765702486,45.91,2.516926572807612
2021-11-30 03:50:57.278857,Belgium,Brussels,speedtest.combell.com:8080,5151,38899003.04924473,16395898.972146576,75.82,2.516926572807612
2021-11-30 04:01:23.497558,Belgium,Brussels,speedtest.combell.com:8080,5151,21243732.644091047,14986062.302401032,292.8,2.516926572807612
2021-11-30 04:10:50.303395,Belgium,Brussels,speedtest.combell.com:8080,5151,38897407.63442832,16633330.476194635,57.401,2.516926572807612
2021-11-30 04:20:52.805832,Belgium,Brussels,speedtest.combell.com:8080,5151,35153002.392088875,12861552.794570608,53.575,2.516926572807612
2021-11-30 04:30:55.896443,Belgium,Brussels,speedtest.combell.com:8080,5151,28809277.468189556,17170448.826091636,103.229,2.516926572807612
2021-11-30 04:40:45.603614,Belgium,Brussels,speedtest.combell.com:8080,5151,34150190.6174367,12757881.901971748,68.904,2.516926572807612
2021-11-30 04:50:04.090371,Belgium,Brussels,speedtest.combell.com:8080,5151,29079913.71355449,17099582.560905304,56.988,2.516926572807612
2021-11-30 05:00:41.022259,Belgium,Brussels,speedtest.combell.com:8080,5151,24491506.033368584,25775371.68728722,99.693,2.516926572807612
2021-11-30 05:10:19.472369,Belgium,Brussels,speedtest.combell.com:8080,5151,47953755.836072475,11694813.204053048,50.944,2.516926572807612
2021-11-30 05:20:24.553211,Belgium,Brussels,speedtest.combell.com:8080,5151,25779935.198889434,20608930.647570994,53.023,2.516926572807612
2021-11-30 05:30:25.694195,Belgium,Brussels,speedtest.combell.com:8080,5151,17669563.11067855,17868550.75389401,56.187,2.516926572807612
2021-11-30 05:40:06.218244,Belgium,Brussels,speedtest.combell.com:8080,5151,34763568.223254114,21105551.731190857,40.219,2.516926572807612
2021-11-30 05:50:20.344721,Belgium,Brussels,speedtestnetgauge2.voo.be:8080,45280,28813796.14744381,14023732.446303993,63.597,2.516926572807612
2021-11-30 06:01:24.229014,Belgium,Brussels,speedtest.combell.com:8080,5151,23383545.21940208,15357754.341261942,54.267,2.516926572807612
2021-11-30 06:11:06.950497,Belgium,Brussels,ookla.arxus.eu:8080,26887,31958195.603014328,13860417.062691512,64.995,2.516926572807612
2021-11-30 06:20:47.889204,Belgium,Brussels,speedtest.combell.com:8080,5151,28546352.46100165,23641887.834843576,63.848,2.516926572807612
2021-11-30 06:30:58.422153,Belgium,Brussels,speedtest.combell.com:8080,5151,17523407.336721644,13891015.664609013,57.885,2.516926572807612
2021-11-30 06:41:27.225160,Belgium,Brussels,speedtest.combell.com:8080,5151,37764421.83183984,16198089.777805617,53.969,2.516926572807612
2021-11-30 06:50:25.548989,Belgium,Brussels,speedtestnetgauge2.voo.be:8080,45280,18504631.348996434,18066082.901724532,67.185,2.516926572807612
2021-11-30 07:00:55.527119,Belgium,Brussels,speedtest.combell.com:8080,5151,29710337.911658883,14703915.870353423,68.093,2.516926572807612
2021-11-30 07:10:37.106984,Belgium,Brussels,speedtest.combell.com:8080,5151,37043546.70630073,16659237.74372292,45.812,2.516926572807612
2021-11-30 07:20:24.750811,Belgium,Brussels,speedtest.combell.com:8080,5151,30114646.416520175,15796705.40232887,55.429,2.516926572807612
2021-11-30 07:31:19.059430,Belgium,Brussels,speedtest.combell.com:8080,5151,38170684.95161002,13059859.479445722,59.885,2.516926572807612
2021-11-30 07:40:18.357537,Belgium,Brussels,speedtest.combell.com:8080,5151,26605457.812828656,18662760.366276957,47.836,2.516926572807612
2021-11-30 07:50:49.169604,Belgium,Brussels,speedtest.combell.com:8080,5151,34885859.43586455,19612682.738882117,58.654,2.516926572807612
2021-11-30 08:00:44.586949,Belgium,Brussels,speedtest.combell.com:8080,5151,29825326.64684863,6253586.131066236,61.255,2.516926572807612
2021-11-30 08:11:18.097114,Belgium,Brussels,speedtest.combell.com:8080,5151,26446260.583983935,13581552.959449401,63.486,2.516926572807612
2021-11-30 08:20:03.824148,Belgium,Brussels,speedtest.combell.com:8080,5151,33891586.90265474,11861274.400653316,47.643,2.516926572807612
2021-11-30 08:30:18.378149,Belgium,Brussels,speedtest.combell.com:8080,5151,52415341.34172593,12536152.550583486,53.824,2.516926572807612
2021-11-30 08:40:15.179539,Belgium,Brussels,speedtestnetgauge2.voo.be:8080,45280,39565333.16779069,18306230.8169638,53.081,2.516926572807612
2021-11-30 08:50:51.431555,Belgium,Brussels,speedtestnetgauge2.voo.be:8080,45280,39603982.508891754,8077091.949744303,69.853,2.516926572807612
2021-11-30 09:00:41.540903,Belgium,Brussels,speedtestnetgauge2.voo.be:8080,45280,28486288.398360323,12475451.738897678,114.363,2.516926572807612
2021-11-30 09:10:11.436746,United Kingdom,London,speedtest2.lightningfibre.net.uk:8080,34931,36156606.854849644,3378387.7912028437,63.437,319.80756860812994
2021-11-30 09:21:01.278215,United Kingdom,London,speedtest.swishfibre.com:8080,34948,55321385.21660867,14403655.51899512,52.951,319.80756860812994
2021-11-30 09:31:22.503393,Belgium,Brussels,speedtestnetgauge2.voo.be:8080,45280,36981880.39765629,18642241.658850003,70.699,2.516926572807612
2021-11-30 09:40:48.270875,Belgium,Brussels,speedtestnetgauge2.voo.be:8080,45280,40904150.656500526,16140270.307435127,71.095,2.516926572807612
2021-11-30 09:50:04.637790,Belgium,Brussels,speedtestnetgauge2.voo.be:8080,45280,32138483.601898782,25976183.78942852,53.2,2.516926572807612
2021-11-30 10:01:31.511186,Belgium,Brussels,speedtestnetgauge2.voo.be:8080,45280,27149989.531016394,5937664.810673643,61.042,2.516926572807612
2021-11-30 10:10:05.080578,United Kingdom,London,speedtest2.lightningfibre.net.uk:8080,34931,35404471.66750588,12018099.693616794,65.012,319.80756860812994
2021-11-30 10:20:20.746640,Belgium,Brussels,speedtestnetgauge2.voo.be:8080,45280,33237234.64239644,10629177.731351048,78.335,2.516926572807612
2021-11-30 10:30:42.733170,United Kingdom,London,speedtest2.lightningfibre.net.uk:8080,34931,23422685.99079028,18578991.346350115,38.77,319.80756860812994
2021-11-30 10:41:24.121954,Belgium,Brussels,speedtestnetgauge2.voo.be:8080,45280,40442786.04577258,15042140.20640743,36.186,2.516926572807612
2021-11-30 10:50:36.599233,Belgium,Brussels,speedtestnetgauge2.voo.be:8080,45280,29889150.724261273,13025111.667098831,84.929,2.516926572807612
2021-11-30 11:01:00.309165,Belgium,Brussels,speedtestnetgauge2.voo.be:8080,45280,40012569.33304438,25570862.18622532,72.197,2.516926572807612
2021-11-30 11:10:37.168057,United Kingdom,London,speedtest2.lightningfibre.net.uk:8080,34931,47029993.24810354,9438135.388403233,68.098,319.80756860812994
2021-11-30 11:20:17.181498,United Kingdom,London,speedtest.thn.uk.hso-group.net:8080,37540,29673102.070364054,8009145.715571007,63.665,319.80756860812994
2021-11-30 11:30:26.199193,United Kingdom,London,speedtest2.lightningfibre.net.uk:8080,34931,22628439.225870986,5859287.1196750775,62.422,319.80756860812994
2021-11-30 11:40:56.528187,Belgium,Brussels,speedtestnetgauge2.voo.be:8080,45280,18983889.71626065,9971679.984066935,65.549,2.516926572807612
2021-11-30 11:50:42.926151,United Kingdom,London,speedtest2.lightningfibre.net.uk:8080,34931,26645322.228294656,28007440.95257078,60.983,319.80756860812994
2021-11-30 12:01:19.501682,United Kingdom,London,speedtestuk.pvdatanet.com:8080,37978,19646631.132942002,12408152.709290305,91.69,319.80756860812994
2021-11-30 12:10:36.249429,United Kingdom,London,speedtest.toob.co.uk:8080,26922,31112481.704878956,11030737.703601345,60.932,319.80756860812994
2021-11-30 12:20:15.440059,Belgium,Brussels,speedtest.combell.com:8080,5151,20063389.2622015,26139240.946734093,70.286,2.516926572807612
2021-11-30 12:30:58.982868,United Kingdom,London,speedtest.toob.co.uk:8080,26922,36622811.0702774,14967844.292391628,55.647,319.80756860812994
2021-11-30 12:40:15.163786,United Kingdom,London,speedtest.cerberusnetworks.co.uk:8080,32944,13037666.197778262,33726446.88803798,57.041,319.80756860812994
2021-11-30 12:51:00.383794,Belgium,Brussels,speedtest101.proximus.be:8080,12627,22626294.074343167,11952440.38373229,37.623,2.516926572807612
2021-11-30 13:01:08.159442,Belgium,Brussels,speedtest101.proximus.be:8080,12627,24606564.396581016,12597216.421518868,54.714,2.516926572807612
2021-11-30 13:11:17.686172,Belgium,Brussels,speedtest.combell.com:8080,5151,17854726.466608513,12460500.368789818,58.445,2.516926572807612
2021-11-30 13:20:14.710837,United Kingdom,London,speedtest.toob.co.uk:8080,26922,17762302.423428778,17917359.42734396,63.778,319.80756860812994
2021-11-30 13:30:16.628458,United Kingdom,London,st-1.fibrenest.net:8080,33216,37744745.64186367,18849086.0577703,50.961,319.80756860812994
2021-11-30 13:40:32.140293,Belgium,Brussels,speedtest.combell.com:8080,5151,36082444.21053848,9318584.587941585,46.259,2.516926572807612
2021-11-30 13:50:13.539196,Belgium,Brussels,speedtest.combell.com:8080,5151,21570364.183375847,9230344.962296056,55.633,2.516926572807612
2021-11-30 14:00:18.656036,Belgium,Brussels,speedtest101.proximus.be:8080,12627,32578763.968538314,13481804.742072336,40.177,2.516926572807612
2021-11-30 14:11:27.163341,Belgium,Brussels,speedtest.combell.com:8080,5151,31038547.33344217,22107169.865611624,55.639,2.516926572807612
2021-11-30 14:21:11.309181,Belgium,Brussels,speedtest.combell.com:8080,5151,36788446.04559197,14663356.55165766,54.319,2.516926572807612
2021-11-30 14:30:03.099372,NaN
2021-11-30 14:40:17.763014,United Kingdom,London,speedtest.toob.co.uk:8080,26922,39153371.34614882,11695380.905372383,68.229,319.80756860812994
2021-11-30 14:51:13.465978,Belgium,DIEGEM,speedtest.arcadiz.net:8080,29238,33056731.797115818,15993991.772922229,61.425,9.656702784214907
2021-11-30 15:01:20.883806,Belgium,DIEGEM,speedtest.arcadiz.net:8080,29238,20701631.999807682,5876529.397954813,98.751,9.656702784214907
2021-11-30 15:10:14.579700,Belgium,DIEGEM,speedtest.arcadiz.net:8080,29238,25305580.99478308,32389991.506321438,56.145,9.656702784214907
2021-11-30 15:21:14.019104,United Kingdom,London,ook-lon-x1.puregig.net:8080,37502,41331994.80971126,11293141.533639582,67.06,319.80756860812994
2021-11-30 15:30:08.986514,NaN
2021-11-30 15:41:06.891878,Belgium,DIEGEM,speedtest.arcadiz.net:8080,29238,40190914.768980734,26936284.25513487,45.51,9.656702784214907
2021-11-30 15:51:12.446870,United Kingdom,London,speed1.spitfireuk.net:8080,11123,23968891.326773223,13623498.433733355,66.302,319.80756860812994
2021-11-30 16:00:30.285961,Belgium,DIEGEM,speedtest.arcadiz.net:8080,29238,32610522.07735628,15903851.07888428,79.666,9.656702784214907
2021-11-30 16:11:27.629429,Belgium,DIEGEM,speedtest.arcadiz.net:8080,29238,20157939.127793092,18613442.711648345,54.792,9.656702784214907
2021-11-30 16:21:22.229148,United Kingdom,London,ook-lon-x1.puregig.net:8080,37502,24994774.859231222,22816188.366065253,63.647,319.80756860812994
2021-11-30 16:31:12.694246,Belgium,DIEGEM,speedtest.arcadiz.net:8080,29238,28518110.751177683,15269577.598601487,73.926,9.656702784214907
